Sequence,Video ID,Bitrate,Quantizer,QP Step,B-Frames,IP Factor,PB Factor,Ref Number,Subme,RC Lookahead
ant,8ZGPM8KI,576,21,4,0,1.4,1.3,1,5,0
ant,6UFS7DSU,576,21,4,0,1.4,1.3,1,5,62
ant,57SPN6M4,576,21,4,0,1.4,1.3,1,5,125
ant,RGZK7716,576,21,4,0,1.4,1.3,1,5,187
ant,G22WWX21,576,21,4,0,1.4,1.3,1,5,250
ant,G2ARMPHY,576,21,4,0,1.4,1.3,4,5,0
ant,Y5QPUFHQ,576,21,4,0,1.4,1.3,4,5,62
ant,1RRDWACE,576,21,4,0,1.4,1.3,4,5,125
ant,NDXF0ZBQ,576,21,4,0,1.4,1.3,4,5,187
ant,GRQUKKWI,576,21,4,0,1.4,1.3,4,5,250
ant,JLDOZVFV,576,21,4,0,1.4,1.3,8,5,0
ant,DQO4AV1O,576,21,4,0,1.4,1.3,8,5,62
ant,Z4Q43ZOB,576,21,4,0,1.4,1.3,8,5,125
ant,VABFM70O,576,21,4,0,1.4,1.3,8,5,187
ant,JZU5FK2N,576,21,4,0,1.4,1.3,8,5,250
ant,2ZJRLER9,576,21,4,0,1.4,1.3,12,5,0
ant,91EEVJU9,576,21,4,0,1.4,1.3,12,5,62
ant,A7XXW89Y,576,21,4,0,1.4,1.3,12,5,125
ant,UVZKXR4P,576,21,4,0,1.4,1.3,12,5,187
ant,TQTAYDCQ,576,21,4,0,1.4,1.3,12,5,250
ant,DSIDCW3D,576,21,4,0,1.4,1.3,16,5,0
ant,QWY9RFIX,576,21,4,0,1.4,1.3,16,5,62
ant,GYB4CGIZ,576,21,4,0,1.4,1.3,16,5,125
ant,2S2AZI5N,576,21,4,0,1.4,1.3,16,5,187
ant,Q8V3QNOX,576,21,4,0,1.4,1.3,16,5,250
ant,K0FN3B6T,576,21,4,4,1.4,1.3,1,5,0
ant,CF6CKCDF,576,21,4,4,1.4,1.3,1,5,62
ant,CF23X18S,576,21,4,4,1.4,1.3,1,5,125
ant,MZW3XPGS,576,21,4,4,1.4,1.3,1,5,187
ant,GISO5VDW,576,21,4,4,1.4,1.3,1,5,250
ant,W5BN50WJ,576,21,4,4,1.4,1.3,4,5,0
ant,FATQ3IUR,576,21,4,4,1.4,1.3,4,5,62
ant,V846T96U,576,21,4,4,1.4,1.3,4,5,125
ant,YNE0F7C7,576,21,4,4,1.4,1.3,4,5,187
ant,UARXUQNK,576,21,4,4,1.4,1.3,4,5,250
ant,WZSREGF5,576,21,4,4,1.4,1.3,8,5,0
ant,AC6CABKW,576,21,4,4,1.4,1.3,8,5,62
ant,2XTJUFUM,576,21,4,4,1.4,1.3,8,5,125
ant,S8G4DOZ1,576,21,4,4,1.4,1.3,8,5,187
ant,X6KJRTU2,576,21,4,4,1.4,1.3,8,5,250
ant,FDS1HFFO,576,21,4,4,1.4,1.3,12,5,0
ant,64ZB8WFS,576,21,4,4,1.4,1.3,12,5,62
ant,15FK63AK,576,21,4,4,1.4,1.3,12,5,125
ant,P7WHV6NK,576,21,4,4,1.4,1.3,12,5,187
ant,ZOHQWGBH,576,21,4,4,1.4,1.3,12,5,250
ant,16JV3U8Q,576,21,4,4,1.4,1.3,16,5,0
ant,ZV1SV4BJ,576,21,4,4,1.4,1.3,16,5,62
ant,9JTTEGCO,576,21,4,4,1.4,1.3,16,5,125
ant,4LBJBCVX,576,21,4,4,1.4,1.3,16,5,187
ant,P11MLTU4,576,21,4,4,1.4,1.3,16,5,250
ant,MBJE9VO7,576,21,4,8,1.4,1.3,1,5,0
ant,2PIF8U1J,576,21,4,8,1.4,1.3,1,5,62
ant,C0PXOG1C,576,21,4,8,1.4,1.3,1,5,125
ant,LZ0RGEPZ,576,21,4,8,1.4,1.3,1,5,187
ant,D4MMDRUE,576,21,4,8,1.4,1.3,1,5,250
ant,F9M3F87T,576,21,4,8,1.4,1.3,4,5,0
ant,0KJZ0LMI,576,21,4,8,1.4,1.3,4,5,62
ant,1VD4XQX3,576,21,4,8,1.4,1.3,4,5,125
ant,Z1K9FX4U,576,21,4,8,1.4,1.3,4,5,187
ant,XQUUYRCQ,576,21,4,8,1.4,1.3,4,5,250
ant,GTPVNT29,576,21,4,8,1.4,1.3,8,5,0
ant,1X0B1NBR,576,21,4,8,1.4,1.3,8,5,62
ant,EWQCJSIL,576,21,4,8,1.4,1.3,8,5,125
ant,4GJ4TSUO,576,21,4,8,1.4,1.3,8,5,187
ant,V0L39TUC,576,21,4,8,1.4,1.3,8,5,250
ant,U6BSOUZW,576,21,4,8,1.4,1.3,12,5,0
ant,1BVOBJQ0,576,21,4,8,1.4,1.3,12,5,62
ant,UI262WNF,576,21,4,8,1.4,1.3,12,5,125
ant,P947MJ68,576,21,4,8,1.4,1.3,12,5,187
ant,CDX9WCOI,576,21,4,8,1.4,1.3,12,5,250
ant,SH72ZCJ4,576,21,4,8,1.4,1.3,16,5,0
ant,FB0JUFVL,576,21,4,8,1.4,1.3,16,5,62
ant,PAR8BMHN,576,21,4,8,1.4,1.3,16,5,125
ant,GTV6YEFB,576,21,4,8,1.4,1.3,16,5,187
ant,4ODG6ABL,576,21,4,8,1.4,1.3,16,5,250
ant,WYM47D38,576,21,4,12,1.4,1.3,1,5,0
ant,22KBXPJE,576,21,4,12,1.4,1.3,1,5,62
ant,752FWGDB,576,21,4,12,1.4,1.3,1,5,125
ant,RM33HLY0,576,21,4,12,1.4,1.3,1,5,187
ant,SMMSQMN9,576,21,4,12,1.4,1.3,1,5,250
ant,Y5V5T111,576,21,4,12,1.4,1.3,4,5,0
ant,B6A1NVO6,576,21,4,12,1.4,1.3,4,5,62
ant,T4G8XGK5,576,21,4,12,1.4,1.3,4,5,125
ant,DSCNQ6SG,576,21,4,12,1.4,1.3,4,5,187
ant,9PHNXEQT,576,21,4,12,1.4,1.3,4,5,250
ant,PJ91LPUU,576,21,4,12,1.4,1.3,8,5,0
ant,MZX5XZMC,576,21,4,12,1.4,1.3,8,5,62
ant,NYY3DTEE,576,21,4,12,1.4,1.3,8,5,125
ant,LAZLTHYU,576,21,4,12,1.4,1.3,8,5,187
ant,GS8QOVCK,576,21,4,12,1.4,1.3,8,5,250
ant,XH8N2GB9,576,21,4,12,1.4,1.3,12,5,0
ant,B7JCL7OE,576,21,4,12,1.4,1.3,12,5,62
ant,A9IPF2H0,576,21,4,12,1.4,1.3,12,5,125
ant,FG0U12VB,576,21,4,12,1.4,1.3,12,5,187
ant,7V08WXC7,576,21,4,12,1.4,1.3,12,5,250
ant,D65P3BDY,576,21,4,12,1.4,1.3,16,5,0
ant,E6EYFSG9,576,21,4,12,1.4,1.3,16,5,62
ant,6WER0M1W,576,21,4,12,1.4,1.3,16,5,125
ant,751TUNID,576,21,4,12,1.4,1.3,16,5,187
ant,TE0RQTZR,576,21,4,12,1.4,1.3,16,5,250
ant,EAV4X3U9,576,21,4,16,1.4,1.3,1,5,0
ant,0DZYOGJN,576,21,4,16,1.4,1.3,1,5,62
ant,RSQ1PBFK,576,21,4,16,1.4,1.3,1,5,125
ant,IZN5MNV9,576,21,4,16,1.4,1.3,1,5,187
ant,QTFBHRQ8,576,21,4,16,1.4,1.3,1,5,250
ant,1N0S5QGS,576,21,4,16,1.4,1.3,4,5,0
ant,ACVKLDBL,576,21,4,16,1.4,1.3,4,5,62
ant,A6N5LGQ8,576,21,4,16,1.4,1.3,4,5,125
ant,3T05KKGZ,576,21,4,16,1.4,1.3,4,5,187
ant,189B1JXC,576,21,4,16,1.4,1.3,4,5,250
ant,I2ZWSA2P,576,21,4,16,1.4,1.3,8,5,0
ant,OLO0JDWN,576,21,4,16,1.4,1.3,8,5,62
ant,AVCWDEH3,576,21,4,16,1.4,1.3,8,5,125
ant,ZUICV2Z4,576,21,4,16,1.4,1.3,8,5,187
ant,LFBH3F6D,576,21,4,16,1.4,1.3,8,5,250
ant,5PX2IG6W,576,21,4,16,1.4,1.3,12,5,0
ant,3CCNMGA4,576,21,4,16,1.4,1.3,12,5,62
ant,ETDKTBOH,576,21,4,16,1.4,1.3,12,5,125
ant,XND2UIN4,576,21,4,16,1.4,1.3,12,5,187
ant,1NV11OPK,576,21,4,16,1.4,1.3,12,5,250
ant,LLZS4YT9,576,21,4,16,1.4,1.3,16,5,0
ant,QG08JADS,576,21,4,16,1.4,1.3,16,5,62
ant,3OA3U7ED,576,21,4,16,1.4,1.3,16,5,125
ant,JVHNK53Y,576,21,4,16,1.4,1.3,16,5,187
ant,T0P6P87B,576,21,4,16,1.4,1.3,16,5,250
ant,FJL4VK44,1536,21,4,0,1.4,1.3,1,5,0
ant,B9126ABW,1536,21,4,0,1.4,1.3,1,5,62
ant,06AB9XA1,1536,21,4,0,1.4,1.3,1,5,125
ant,SDWWUKHE,1536,21,4,0,1.4,1.3,1,5,187
ant,E7VMBBGW,1536,21,4,0,1.4,1.3,1,5,250
ant,XBNWQG8Y,1536,21,4,0,1.4,1.3,4,5,0
ant,0XKIGIUF,1536,21,4,0,1.4,1.3,4,5,62
ant,XQZ61EZY,1536,21,4,0,1.4,1.3,4,5,125
ant,ODNNB6BA,1536,21,4,0,1.4,1.3,4,5,187
ant,2NKBBUTO,1536,21,4,0,1.4,1.3,4,5,250
ant,CXS8W4AI,1536,21,4,0,1.4,1.3,8,5,0
ant,5604C6UP,1536,21,4,0,1.4,1.3,8,5,62
ant,14TM68PK,1536,21,4,0,1.4,1.3,8,5,125
ant,J4MOL0WA,1536,21,4,0,1.4,1.3,8,5,187
ant,AZFRS5QZ,1536,21,4,0,1.4,1.3,8,5,250
ant,WDXZN1U0,1536,21,4,0,1.4,1.3,12,5,0
ant,CF5YW91S,1536,21,4,0,1.4,1.3,12,5,62
ant,IFSW7IY1,1536,21,4,0,1.4,1.3,12,5,125
ant,ZF8NUK8O,1536,21,4,0,1.4,1.3,12,5,187
ant,ESX04838,1536,21,4,0,1.4,1.3,12,5,250
ant,G8B9E4AQ,1536,21,4,0,1.4,1.3,16,5,0
ant,OB76KFY7,1536,21,4,0,1.4,1.3,16,5,62
ant,AKXYV0W5,1536,21,4,0,1.4,1.3,16,5,125
ant,Y4XGWQNJ,1536,21,4,0,1.4,1.3,16,5,187
ant,6R1EZ4C2,1536,21,4,0,1.4,1.3,16,5,250
ant,KNT0XZJ4,1536,21,4,4,1.4,1.3,1,5,0
ant,4JA1E3MC,1536,21,4,4,1.4,1.3,1,5,62
ant,WFQMDA5T,1536,21,4,4,1.4,1.3,1,5,125
ant,WXMZJG9Q,1536,21,4,4,1.4,1.3,1,5,187
ant,U8LVMGG2,1536,21,4,4,1.4,1.3,1,5,250
ant,ITP48IB5,1536,21,4,4,1.4,1.3,4,5,0
ant,DP7RYQSM,1536,21,4,4,1.4,1.3,4,5,62
ant,QU6R46WV,1536,21,4,4,1.4,1.3,4,5,125
ant,S05RBLTX,1536,21,4,4,1.4,1.3,4,5,187
ant,NVJ29OCI,1536,21,4,4,1.4,1.3,4,5,250
ant,5YWBEQTC,1536,21,4,4,1.4,1.3,8,5,0
ant,B6GJMVX8,1536,21,4,4,1.4,1.3,8,5,62
ant,AACK25GL,1536,21,4,4,1.4,1.3,8,5,125
ant,JLYHV6EG,1536,21,4,4,1.4,1.3,8,5,187
ant,Y8FCB8IS,1536,21,4,4,1.4,1.3,8,5,250
ant,V46ZBGDD,1536,21,4,4,1.4,1.3,12,5,0
ant,AEB698DD,1536,21,4,4,1.4,1.3,12,5,62
ant,6MPCCABF,1536,21,4,4,1.4,1.3,12,5,125
ant,OWC0JGLE,1536,21,4,4,1.4,1.3,12,5,187
ant,L03ZVJ1G,1536,21,4,4,1.4,1.3,12,5,250
ant,01OXEGUW,1536,21,4,4,1.4,1.3,16,5,0
ant,VE13Q6M1,1536,21,4,4,1.4,1.3,16,5,62
ant,8X3WUEMX,1536,21,4,4,1.4,1.3,16,5,125
ant,GQQDBD3P,1536,21,4,4,1.4,1.3,16,5,187
ant,NNB21SV1,1536,21,4,4,1.4,1.3,16,5,250
ant,HJSNTCJZ,1536,21,4,8,1.4,1.3,1,5,0
ant,53MA3Q8D,1536,21,4,8,1.4,1.3,1,5,62
ant,10SRKDX5,1536,21,4,8,1.4,1.3,1,5,125
ant,HFBGRZDT,1536,21,4,8,1.4,1.3,1,5,187
ant,0HY5ABK6,1536,21,4,8,1.4,1.3,1,5,250
ant,YTALQRCK,1536,21,4,8,1.4,1.3,4,5,0
ant,3KFWQNPS,1536,21,4,8,1.4,1.3,4,5,62
ant,BQ1URMS3,1536,21,4,8,1.4,1.3,4,5,125
ant,9E57TLAX,1536,21,4,8,1.4,1.3,4,5,187
ant,H96RH9VZ,1536,21,4,8,1.4,1.3,4,5,250
ant,R84J3YOG,1536,21,4,8,1.4,1.3,8,5,0
ant,PVB9R1MG,1536,21,4,8,1.4,1.3,8,5,62
ant,OQDE8N2O,1536,21,4,8,1.4,1.3,8,5,125
ant,PBCEIYCQ,1536,21,4,8,1.4,1.3,8,5,187
ant,LEF5A2ES,1536,21,4,8,1.4,1.3,8,5,250
ant,QPQXD2LH,1536,21,4,8,1.4,1.3,12,5,0
ant,I3WAAYB0,1536,21,4,8,1.4,1.3,12,5,62
ant,8PVWJYEH,1536,21,4,8,1.4,1.3,12,5,125
ant,BW4A3LPA,1536,21,4,8,1.4,1.3,12,5,187
ant,JIGNI9LL,1536,21,4,8,1.4,1.3,12,5,250
ant,CU2N8HC4,1536,21,4,8,1.4,1.3,16,5,0
ant,38O1OTIX,1536,21,4,8,1.4,1.3,16,5,62
ant,0WWFZQSX,1536,21,4,8,1.4,1.3,16,5,125
ant,K1TNUA74,1536,21,4,8,1.4,1.3,16,5,187
ant,TH428J4T,1536,21,4,8,1.4,1.3,16,5,250
ant,B9EI36M3,1536,21,4,12,1.4,1.3,1,5,0
ant,KUEVEVN6,1536,21,4,12,1.4,1.3,1,5,62
ant,E671WOZ9,1536,21,4,12,1.4,1.3,1,5,125
ant,NXBE3PQ3,1536,21,4,12,1.4,1.3,1,5,187
ant,FBXAROAI,1536,21,4,12,1.4,1.3,1,5,250
ant,PA37LBP4,1536,21,4,12,1.4,1.3,4,5,0
ant,NZIIMMUL,1536,21,4,12,1.4,1.3,4,5,62
ant,HAE66RSV,1536,21,4,12,1.4,1.3,4,5,125
ant,E28V0FFA,1536,21,4,12,1.4,1.3,4,5,187
ant,DNA0QP7E,1536,21,4,12,1.4,1.3,4,5,250
ant,OLXKSIZ1,1536,21,4,12,1.4,1.3,8,5,0
ant,4V01D2V3,1536,21,4,12,1.4,1.3,8,5,62
ant,G916S848,1536,21,4,12,1.4,1.3,8,5,125
ant,GSIXAH2A,1536,21,4,12,1.4,1.3,8,5,187
ant,JYCQBPLN,1536,21,4,12,1.4,1.3,8,5,250
ant,K3AUDTMU,1536,21,4,12,1.4,1.3,12,5,0
ant,CZUQV070,1536,21,4,12,1.4,1.3,12,5,62
ant,EAEXUSL8,1536,21,4,12,1.4,1.3,12,5,125
ant,G3IJO8BY,1536,21,4,12,1.4,1.3,12,5,187
ant,FKVIXTD8,1536,21,4,12,1.4,1.3,12,5,250
ant,O8OISSQU,1536,21,4,12,1.4,1.3,16,5,0
ant,32MKLP6P,1536,21,4,12,1.4,1.3,16,5,62
ant,G6MRN726,1536,21,4,12,1.4,1.3,16,5,125
ant,QKWRWFVL,1536,21,4,12,1.4,1.3,16,5,187
ant,DCNAAKSR,1536,21,4,12,1.4,1.3,16,5,250
ant,PX4RDP07,1536,21,4,16,1.4,1.3,1,5,0
ant,I8JLUWSP,1536,21,4,16,1.4,1.3,1,5,62
ant,MCVJNBZI,1536,21,4,16,1.4,1.3,1,5,125
ant,74N8VH7Z,1536,21,4,16,1.4,1.3,1,5,187
ant,4WFE8MFQ,1536,21,4,16,1.4,1.3,1,5,250
ant,R7SR69O7,1536,21,4,16,1.4,1.3,4,5,0
ant,ZHZ2AYWV,1536,21,4,16,1.4,1.3,4,5,62
ant,WCS4U0XO,1536,21,4,16,1.4,1.3,4,5,125
ant,QAXGLGTM,1536,21,4,16,1.4,1.3,4,5,187
ant,VL5TWZ7N,1536,21,4,16,1.4,1.3,4,5,250
ant,HE6LPJBD,1536,21,4,16,1.4,1.3,8,5,0
ant,ZJOI64P1,1536,21,4,16,1.4,1.3,8,5,62
ant,3X5VJY0Q,1536,21,4,16,1.4,1.3,8,5,125
ant,VQ6WJDLH,1536,21,4,16,1.4,1.3,8,5,187
ant,5N37EV6H,1536,21,4,16,1.4,1.3,8,5,250
ant,E64XQU3I,1536,21,4,16,1.4,1.3,12,5,0
ant,EWKY7T3G,1536,21,4,16,1.4,1.3,12,5,62
ant,QAGJSNGZ,1536,21,4,16,1.4,1.3,12,5,125
ant,G34EJUPO,1536,21,4,16,1.4,1.3,12,5,187
ant,A3Z3OMKN,1536,21,4,16,1.4,1.3,12,5,250
ant,SCYO687G,1536,21,4,16,1.4,1.3,16,5,0
ant,0OJKDFSZ,1536,21,4,16,1.4,1.3,16,5,62
ant,8VSSKDJ8,1536,21,4,16,1.4,1.3,16,5,125
ant,GAE23KYR,1536,21,4,16,1.4,1.3,16,5,187
ant,G06GHU1S,1536,21,4,16,1.4,1.3,16,5,250
ant,3KXUNRFW,3072,21,4,0,1.4,1.3,1,5,0
ant,12PJD30E,3072,21,4,0,1.4,1.3,1,5,62
ant,OKY8NTMD,3072,21,4,0,1.4,1.3,1,5,125
ant,S3HEHOGW,3072,21,4,0,1.4,1.3,1,5,187
ant,A6JD28VD,3072,21,4,0,1.4,1.3,1,5,250
ant,LS6SVDTQ,3072,21,4,0,1.4,1.3,4,5,0
ant,KJ5TL1IM,3072,21,4,0,1.4,1.3,4,5,62
ant,UK56VEE0,3072,21,4,0,1.4,1.3,4,5,125
ant,G25TJ26Z,3072,21,4,0,1.4,1.3,4,5,187
ant,D01UGEEA,3072,21,4,0,1.4,1.3,4,5,250
ant,9GSPGQ69,3072,21,4,0,1.4,1.3,8,5,0
ant,UCT24S75,3072,21,4,0,1.4,1.3,8,5,62
ant,5HVSBURS,3072,21,4,0,1.4,1.3,8,5,125
ant,5SH281RI,3072,21,4,0,1.4,1.3,8,5,187
ant,OFASXH4X,3072,21,4,0,1.4,1.3,8,5,250
ant,86NCPGVO,3072,21,4,0,1.4,1.3,12,5,0
ant,B1VHS72L,3072,21,4,0,1.4,1.3,12,5,62
ant,ZBUR8PG8,3072,21,4,0,1.4,1.3,12,5,125
ant,H2IIBMTP,3072,21,4,0,1.4,1.3,12,5,187
ant,7GR3CGQG,3072,21,4,0,1.4,1.3,12,5,250
ant,V65PC00Q,3072,21,4,0,1.4,1.3,16,5,0
ant,VBMF7CSD,3072,21,4,0,1.4,1.3,16,5,62
ant,T4B3Y0P0,3072,21,4,0,1.4,1.3,16,5,125
ant,GFNESL2Q,3072,21,4,0,1.4,1.3,16,5,187
ant,KD0YU614,3072,21,4,0,1.4,1.3,16,5,250
ant,0B26HXSD,3072,21,4,4,1.4,1.3,1,5,0
ant,5XGJ3293,3072,21,4,4,1.4,1.3,1,5,62
ant,6GYNYY7X,3072,21,4,4,1.4,1.3,1,5,125
ant,11IS3BNF,3072,21,4,4,1.4,1.3,1,5,187
ant,2QDYRVZH,3072,21,4,4,1.4,1.3,1,5,250
ant,LYJCPTRF,3072,21,4,4,1.4,1.3,4,5,0
ant,RZTWMYEJ,3072,21,4,4,1.4,1.3,4,5,62
ant,88BO9YX3,3072,21,4,4,1.4,1.3,4,5,125
ant,TA4SOXGQ,3072,21,4,4,1.4,1.3,4,5,187
ant,72YTD9K4,3072,21,4,4,1.4,1.3,4,5,250
ant,ZPS78R9F,3072,21,4,4,1.4,1.3,8,5,0
ant,P1Z6J4FU,3072,21,4,4,1.4,1.3,8,5,62
ant,X71AKKRW,3072,21,4,4,1.4,1.3,8,5,125
ant,TSHVIKMB,3072,21,4,4,1.4,1.3,8,5,187
ant,6X9XX6TT,3072,21,4,4,1.4,1.3,8,5,250
ant,W6KSV89S,3072,21,4,4,1.4,1.3,12,5,0
ant,RTSAT255,3072,21,4,4,1.4,1.3,12,5,62
ant,G3DXTW0A,3072,21,4,4,1.4,1.3,12,5,125
ant,R5EXEVVA,3072,21,4,4,1.4,1.3,12,5,187
ant,21PB3KZ7,3072,21,4,4,1.4,1.3,12,5,250
ant,311QCSHB,3072,21,4,4,1.4,1.3,16,5,0
ant,952H6IM3,3072,21,4,4,1.4,1.3,16,5,62
ant,SFI3G59I,3072,21,4,4,1.4,1.3,16,5,125
ant,B7UFKRPS,3072,21,4,4,1.4,1.3,16,5,187
ant,VYJWCTT9,3072,21,4,4,1.4,1.3,16,5,250
ant,8K8VC95A,3072,21,4,8,1.4,1.3,1,5,0
ant,AULFD0MF,3072,21,4,8,1.4,1.3,1,5,62
ant,27GUN886,3072,21,4,8,1.4,1.3,1,5,125
ant,2947BIME,3072,21,4,8,1.4,1.3,1,5,187
ant,YQ2HME2Q,3072,21,4,8,1.4,1.3,1,5,250
ant,MS6EHOPB,3072,21,4,8,1.4,1.3,4,5,0
ant,FGX1WORZ,3072,21,4,8,1.4,1.3,4,5,62
ant,ZIA2DOJZ,3072,21,4,8,1.4,1.3,4,5,125
ant,V5WURPX0,3072,21,4,8,1.4,1.3,4,5,187
ant,2MQMF3ZN,3072,21,4,8,1.4,1.3,4,5,250
ant,Z5GDQ512,3072,21,4,8,1.4,1.3,8,5,0
ant,NB3KWH4C,3072,21,4,8,1.4,1.3,8,5,62
ant,45RO6QHN,3072,21,4,8,1.4,1.3,8,5,125
ant,6ZROV3ML,3072,21,4,8,1.4,1.3,8,5,187
ant,XMSZGNJ2,3072,21,4,8,1.4,1.3,8,5,250
ant,YT9Q1D8L,3072,21,4,8,1.4,1.3,12,5,0
ant,73R2FL0M,3072,21,4,8,1.4,1.3,12,5,62
ant,I70F3BO5,3072,21,4,8,1.4,1.3,12,5,125
ant,VTIDK2RH,3072,21,4,8,1.4,1.3,12,5,187
ant,DT74NH3E,3072,21,4,8,1.4,1.3,12,5,250
ant,LWXPST86,3072,21,4,8,1.4,1.3,16,5,0
ant,RNGJ8MSR,3072,21,4,8,1.4,1.3,16,5,62
ant,M3HMA77J,3072,21,4,8,1.4,1.3,16,5,125
ant,35NY1452,3072,21,4,8,1.4,1.3,16,5,187
ant,WV7RYO36,3072,21,4,8,1.4,1.3,16,5,250
ant,VMK9N8SY,3072,21,4,12,1.4,1.3,1,5,0
ant,X4YEPDFI,3072,21,4,12,1.4,1.3,1,5,62
ant,5HPZSFVH,3072,21,4,12,1.4,1.3,1,5,125
ant,5E0QEO98,3072,21,4,12,1.4,1.3,1,5,187
ant,Y681NMI1,3072,21,4,12,1.4,1.3,1,5,250
ant,JSX7XJL5,3072,21,4,12,1.4,1.3,4,5,0
ant,4FWPDF0V,3072,21,4,12,1.4,1.3,4,5,62
ant,TK5K7YUN,3072,21,4,12,1.4,1.3,4,5,125
ant,3RFVLG8Q,3072,21,4,12,1.4,1.3,4,5,187
ant,ELGEIWUJ,3072,21,4,12,1.4,1.3,4,5,250
ant,R3IG4AZD,3072,21,4,12,1.4,1.3,8,5,0
ant,99FF6E8I,3072,21,4,12,1.4,1.3,8,5,62
ant,A533FTMQ,3072,21,4,12,1.4,1.3,8,5,125
ant,L1YWZRTK,3072,21,4,12,1.4,1.3,8,5,187
ant,SI00HKWW,3072,21,4,12,1.4,1.3,8,5,250
ant,A93Z0NRD,3072,21,4,12,1.4,1.3,12,5,0
ant,VKEH5CNQ,3072,21,4,12,1.4,1.3,12,5,62
ant,4YI1KMLW,3072,21,4,12,1.4,1.3,12,5,125
ant,GEWOESJ5,3072,21,4,12,1.4,1.3,12,5,187
ant,NBM7202R,3072,21,4,12,1.4,1.3,12,5,250
ant,520JB6FC,3072,21,4,12,1.4,1.3,16,5,0
ant,XGI3E7EE,3072,21,4,12,1.4,1.3,16,5,62
ant,TW3A4O2G,3072,21,4,12,1.4,1.3,16,5,125
ant,NYYTVCHR,3072,21,4,12,1.4,1.3,16,5,187
ant,G7Q6ZTTO,3072,21,4,12,1.4,1.3,16,5,250
ant,TTEO65HT,3072,21,4,16,1.4,1.3,1,5,0
ant,OUEVLCBS,3072,21,4,16,1.4,1.3,1,5,62
ant,GH10BEP7,3072,21,4,16,1.4,1.3,1,5,125
ant,E2OLP9RL,3072,21,4,16,1.4,1.3,1,5,187
ant,SG6NWTIP,3072,21,4,16,1.4,1.3,1,5,250
ant,YYAVG5DR,3072,21,4,16,1.4,1.3,4,5,0
ant,BN5TVDC3,3072,21,4,16,1.4,1.3,4,5,62
ant,ZCNNCDV3,3072,21,4,16,1.4,1.3,4,5,125
ant,VAU66JMH,3072,21,4,16,1.4,1.3,4,5,187
ant,SRESDDXE,3072,21,4,16,1.4,1.3,4,5,250
ant,IAGFVXO4,3072,21,4,16,1.4,1.3,8,5,0
ant,MOK8DVTH,3072,21,4,16,1.4,1.3,8,5,62
ant,7A6M4I6J,3072,21,4,16,1.4,1.3,8,5,125
ant,SJ6ZJMAD,3072,21,4,16,1.4,1.3,8,5,187
ant,45AMMMRU,3072,21,4,16,1.4,1.3,8,5,250
ant,D63I7SNT,3072,21,4,16,1.4,1.3,12,5,0
ant,181EDOF9,3072,21,4,16,1.4,1.3,12,5,62
ant,X28NT9BB,3072,21,4,16,1.4,1.3,12,5,125
ant,A1ZTAT3X,3072,21,4,16,1.4,1.3,12,5,187
ant,94ILCD16,3072,21,4,16,1.4,1.3,12,5,250
ant,0HOCC23J,3072,21,4,16,1.4,1.3,16,5,0
ant,RLZWU35I,3072,21,4,16,1.4,1.3,16,5,62
ant,B1CSRLAG,3072,21,4,16,1.4,1.3,16,5,125
ant,5YCDCNSG,3072,21,4,16,1.4,1.3,16,5,187
ant,EQIV7C59,3072,21,4,16,1.4,1.3,16,5,250
ant,AADI4MWJ,4992,21,4,0,1.4,1.3,1,5,0
ant,D419AFW0,4992,21,4,0,1.4,1.3,1,5,62
ant,08VBQ6QC,4992,21,4,0,1.4,1.3,1,5,125
ant,KX5AE3BX,4992,21,4,0,1.4,1.3,1,5,187
ant,P8XBKE9F,4992,21,4,0,1.4,1.3,1,5,250
ant,LCC4D11N,4992,21,4,0,1.4,1.3,4,5,0
ant,ZFVTGJDY,4992,21,4,0,1.4,1.3,4,5,62
ant,2JCRZLJK,4992,21,4,0,1.4,1.3,4,5,125
ant,BQWNTMSH,4992,21,4,0,1.4,1.3,4,5,187
ant,AC7ZSDMX,4992,21,4,0,1.4,1.3,4,5,250
ant,HX2S8YVU,4992,21,4,0,1.4,1.3,8,5,0
ant,QG96JQQL,4992,21,4,0,1.4,1.3,8,5,62
ant,9J0TBCXZ,4992,21,4,0,1.4,1.3,8,5,125
ant,B18BPW4V,4992,21,4,0,1.4,1.3,8,5,187
ant,WA4RHGIY,4992,21,4,0,1.4,1.3,8,5,250
ant,PY8BRFBA,4992,21,4,0,1.4,1.3,12,5,0
ant,K9PZ8W4B,4992,21,4,0,1.4,1.3,12,5,62
ant,2ZH3MTNK,4992,21,4,0,1.4,1.3,12,5,125
ant,E4SC6MEA,4992,21,4,0,1.4,1.3,12,5,187
ant,RXMD4VMH,4992,21,4,0,1.4,1.3,12,5,250
ant,BZC13JNP,4992,21,4,0,1.4,1.3,16,5,0
ant,BGNFV57S,4992,21,4,0,1.4,1.3,16,5,62
ant,6EKPVEK2,4992,21,4,0,1.4,1.3,16,5,125
ant,KHWTPIBV,4992,21,4,0,1.4,1.3,16,5,187
ant,13LI8LQC,4992,21,4,0,1.4,1.3,16,5,250
ant,S9LV69UV,4992,21,4,4,1.4,1.3,1,5,0
ant,1ORPY3WZ,4992,21,4,4,1.4,1.3,1,5,62
ant,TYXCL3UQ,4992,21,4,4,1.4,1.3,1,5,125
ant,THT7946A,4992,21,4,4,1.4,1.3,1,5,187
ant,PLTZKQGA,4992,21,4,4,1.4,1.3,1,5,250
ant,AAVD5M1N,4992,21,4,4,1.4,1.3,4,5,0
ant,8RGIZTGL,4992,21,4,4,1.4,1.3,4,5,62
ant,03NB7A9I,4992,21,4,4,1.4,1.3,4,5,125
ant,EVGL3F93,4992,21,4,4,1.4,1.3,4,5,187
ant,CJP7QBLJ,4992,21,4,4,1.4,1.3,4,5,250
ant,G3BWO9Z2,4992,21,4,4,1.4,1.3,8,5,0
ant,BYTYWS13,4992,21,4,4,1.4,1.3,8,5,62
ant,TUKTQEYX,4992,21,4,4,1.4,1.3,8,5,125
ant,GJ525EI8,4992,21,4,4,1.4,1.3,8,5,187
ant,JLTK8A5V,4992,21,4,4,1.4,1.3,8,5,250
ant,YIYD165F,4992,21,4,4,1.4,1.3,12,5,0
ant,2KI761IF,4992,21,4,4,1.4,1.3,12,5,62
ant,KY833JZ2,4992,21,4,4,1.4,1.3,12,5,125
ant,9SQ239H9,4992,21,4,4,1.4,1.3,12,5,187
ant,FJWW5XMX,4992,21,4,4,1.4,1.3,12,5,250
ant,U2IQ66TV,4992,21,4,4,1.4,1.3,16,5,0
ant,AMQNOPKN,4992,21,4,4,1.4,1.3,16,5,62
ant,8PUEA828,4992,21,4,4,1.4,1.3,16,5,125
ant,PZAGDQWW,4992,21,4,4,1.4,1.3,16,5,187
ant,0XPALOGX,4992,21,4,4,1.4,1.3,16,5,250
ant,2AMB8YJL,4992,21,4,8,1.4,1.3,1,5,0
ant,8T9NGRL3,4992,21,4,8,1.4,1.3,1,5,62
ant,8G4H7KGV,4992,21,4,8,1.4,1.3,1,5,125
ant,AD9P335C,4992,21,4,8,1.4,1.3,1,5,187
ant,AESSQB4F,4992,21,4,8,1.4,1.3,1,5,250
ant,09UAS7T3,4992,21,4,8,1.4,1.3,4,5,0
ant,1IFQTR1M,4992,21,4,8,1.4,1.3,4,5,62
ant,K4IWOS3Q,4992,21,4,8,1.4,1.3,4,5,125
ant,DHYQ4XV7,4992,21,4,8,1.4,1.3,4,5,187
ant,0ECST179,4992,21,4,8,1.4,1.3,4,5,250
ant,089RXOGQ,4992,21,4,8,1.4,1.3,8,5,0
ant,Y712EJXN,4992,21,4,8,1.4,1.3,8,5,62
ant,FG28YAQ7,4992,21,4,8,1.4,1.3,8,5,125
ant,UBE5VDQC,4992,21,4,8,1.4,1.3,8,5,187
ant,1BABPXOW,4992,21,4,8,1.4,1.3,8,5,250
ant,JP7V9U2P,4992,21,4,8,1.4,1.3,12,5,0
ant,CBTBUI4R,4992,21,4,8,1.4,1.3,12,5,62
ant,TQS5UD54,4992,21,4,8,1.4,1.3,12,5,125
ant,LG1HPCJY,4992,21,4,8,1.4,1.3,12,5,187
ant,RANG9UL5,4992,21,4,8,1.4,1.3,12,5,250
ant,ED8W27WD,4992,21,4,8,1.4,1.3,16,5,0
ant,9H52G84K,4992,21,4,8,1.4,1.3,16,5,62
ant,QQ0ENGRB,4992,21,4,8,1.4,1.3,16,5,125
ant,3AJLFIU5,4992,21,4,8,1.4,1.3,16,5,187
ant,XQXEWOXL,4992,21,4,8,1.4,1.3,16,5,250
ant,17O6N8YH,4992,21,4,12,1.4,1.3,1,5,0
ant,50DE7IPV,4992,21,4,12,1.4,1.3,1,5,62
ant,1EM1H935,4992,21,4,12,1.4,1.3,1,5,125
ant,5CG3ICRR,4992,21,4,12,1.4,1.3,1,5,187
ant,DCUJZHCT,4992,21,4,12,1.4,1.3,1,5,250
ant,4XXOO677,4992,21,4,12,1.4,1.3,4,5,0
ant,3MICO4TH,4992,21,4,12,1.4,1.3,4,5,62
ant,KAFM1YKQ,4992,21,4,12,1.4,1.3,4,5,125
ant,PLMZVJ2S,4992,21,4,12,1.4,1.3,4,5,187
ant,XJD24J76,4992,21,4,12,1.4,1.3,4,5,250
ant,LU512TWO,4992,21,4,12,1.4,1.3,8,5,0
ant,KPAQP72L,4992,21,4,12,1.4,1.3,8,5,62
ant,JC5SL3HY,4992,21,4,12,1.4,1.3,8,5,125
ant,9XLULGKO,4992,21,4,12,1.4,1.3,8,5,187
ant,0QGZR5GL,4992,21,4,12,1.4,1.3,8,5,250
ant,QSPB79E8,4992,21,4,12,1.4,1.3,12,5,0
ant,UYDGLICF,4992,21,4,12,1.4,1.3,12,5,62
ant,AGBBKJPY,4992,21,4,12,1.4,1.3,12,5,125
ant,ZEBOPRJQ,4992,21,4,12,1.4,1.3,12,5,187
ant,D4VSG239,4992,21,4,12,1.4,1.3,12,5,250
ant,4GVX7ZPN,4992,21,4,12,1.4,1.3,16,5,0
ant,AQIGB6PE,4992,21,4,12,1.4,1.3,16,5,62
ant,OFGCWC4O,4992,21,4,12,1.4,1.3,16,5,125
ant,TM1JNQ17,4992,21,4,12,1.4,1.3,16,5,187
ant,ZJT7N24P,4992,21,4,12,1.4,1.3,16,5,250
ant,B1OIVYQZ,4992,21,4,16,1.4,1.3,1,5,0
ant,XGPDPOI0,4992,21,4,16,1.4,1.3,1,5,62
ant,LKCTTEIS,4992,21,4,16,1.4,1.3,1,5,125
ant,V6GC4EH3,4992,21,4,16,1.4,1.3,1,5,187
ant,P7PDSJ37,4992,21,4,16,1.4,1.3,1,5,250
ant,9KSCZI1J,4992,21,4,16,1.4,1.3,4,5,0
ant,YD5WQZ17,4992,21,4,16,1.4,1.3,4,5,62
ant,LOXQXC1Y,4992,21,4,16,1.4,1.3,4,5,125
ant,X5AR06IT,4992,21,4,16,1.4,1.3,4,5,187
ant,SYRO1DS8,4992,21,4,16,1.4,1.3,4,5,250
ant,PGWPW4XT,4992,21,4,16,1.4,1.3,8,5,0
ant,DRZMOQOH,4992,21,4,16,1.4,1.3,8,5,62
ant,SHW7D3KI,4992,21,4,16,1.4,1.3,8,5,125
ant,NSGOLMU5,4992,21,4,16,1.4,1.3,8,5,187
ant,MTGPV9L8,4992,21,4,16,1.4,1.3,8,5,250
ant,Q88IL4IU,4992,21,4,16,1.4,1.3,12,5,0
ant,RU0OXB8V,4992,21,4,16,1.4,1.3,12,5,62
ant,I5CH1BP1,4992,21,4,16,1.4,1.3,12,5,125
ant,CD4G0NPM,4992,21,4,16,1.4,1.3,12,5,187
ant,R7Z1ZOQ3,4992,21,4,16,1.4,1.3,12,5,250
ant,U8S97L2C,4992,21,4,16,1.4,1.3,16,5,0
ant,NOXC89EA,4992,21,4,16,1.4,1.3,16,5,62
ant,AME6ORPV,4992,21,4,16,1.4,1.3,16,5,125
ant,5J76UY3N,4992,21,4,16,1.4,1.3,16,5,187
ant,UD0VNZ2K,4992,21,4,16,1.4,1.3,16,5,250
ant,QJVR89BB,20000,21,4,0,1.4,1.3,1,5,0
ant,WI4T5H6M,20000,21,4,0,1.4,1.3,1,5,62
ant,VI6F95IO,20000,21,4,0,1.4,1.3,1,5,125
ant,JD1PXOJ0,20000,21,4,0,1.4,1.3,1,5,187
ant,GH6XCESU,20000,21,4,0,1.4,1.3,1,5,250
ant,ZOI33XJK,20000,21,4,0,1.4,1.3,4,5,0
ant,BR3J599S,20000,21,4,0,1.4,1.3,4,5,62
ant,K0I4K9ZI,20000,21,4,0,1.4,1.3,4,5,125
ant,YTICC5UC,20000,21,4,0,1.4,1.3,4,5,187
ant,Y4EUFTHG,20000,21,4,0,1.4,1.3,4,5,250
ant,IRKEBUW7,20000,21,4,0,1.4,1.3,8,5,0
ant,DFM92241,20000,21,4,0,1.4,1.3,8,5,62
ant,3CFUZ6BW,20000,21,4,0,1.4,1.3,8,5,125
ant,RFHIW83Q,20000,21,4,0,1.4,1.3,8,5,187
ant,92MJIYMK,20000,21,4,0,1.4,1.3,8,5,250
ant,2IDR8C9B,20000,21,4,0,1.4,1.3,12,5,0
ant,DW9BHUZD,20000,21,4,0,1.4,1.3,12,5,62
ant,2ESXZDKE,20000,21,4,0,1.4,1.3,12,5,125
ant,MZ91A5S9,20000,21,4,0,1.4,1.3,12,5,187
ant,SYW5YODN,20000,21,4,0,1.4,1.3,12,5,250
ant,BYUNA8PF,20000,21,4,0,1.4,1.3,16,5,0
ant,JZOQKAYX,20000,21,4,0,1.4,1.3,16,5,62
ant,2Z702VF3,20000,21,4,0,1.4,1.3,16,5,125
ant,MMW9U4H2,20000,21,4,0,1.4,1.3,16,5,187
ant,GA0N5PXM,20000,21,4,0,1.4,1.3,16,5,250
ant,0CLL7YEJ,20000,21,4,4,1.4,1.3,1,5,0
ant,1YCGVS7Z,20000,21,4,4,1.4,1.3,1,5,62
ant,WQNEZR4J,20000,21,4,4,1.4,1.3,1,5,125
ant,N8ZVULZL,20000,21,4,4,1.4,1.3,1,5,187
ant,YP52B1NY,20000,21,4,4,1.4,1.3,1,5,250
ant,J7KZLGD3,20000,21,4,4,1.4,1.3,4,5,0
ant,7JYLSOX0,20000,21,4,4,1.4,1.3,4,5,62
ant,5NY4ELQ3,20000,21,4,4,1.4,1.3,4,5,125
ant,CKN7QMR6,20000,21,4,4,1.4,1.3,4,5,187
ant,D0PRQKAU,20000,21,4,4,1.4,1.3,4,5,250
ant,K9CBF0LR,20000,21,4,4,1.4,1.3,8,5,0
ant,OI3AJSIY,20000,21,4,4,1.4,1.3,8,5,62
ant,JGXRHWXT,20000,21,4,4,1.4,1.3,8,5,125
ant,U9DTO478,20000,21,4,4,1.4,1.3,8,5,187
ant,PBL0YHSE,20000,21,4,4,1.4,1.3,8,5,250
ant,NHIJZ8XR,20000,21,4,4,1.4,1.3,12,5,0
ant,DUDU8HQD,20000,21,4,4,1.4,1.3,12,5,62
ant,O7FUQGBX,20000,21,4,4,1.4,1.3,12,5,125
ant,5MSY9TVV,20000,21,4,4,1.4,1.3,12,5,187
ant,1VMGJGW1,20000,21,4,4,1.4,1.3,12,5,250
ant,BPEF1CA1,20000,21,4,4,1.4,1.3,16,5,0
ant,VJMCV46V,20000,21,4,4,1.4,1.3,16,5,62
ant,JPU770XN,20000,21,4,4,1.4,1.3,16,5,125
ant,554H024K,20000,21,4,4,1.4,1.3,16,5,187
ant,HOBG4WWO,20000,21,4,4,1.4,1.3,16,5,250
ant,Y513I601,20000,21,4,8,1.4,1.3,1,5,0
ant,YB31VSXF,20000,21,4,8,1.4,1.3,1,5,62
ant,8DLV52NA,20000,21,4,8,1.4,1.3,1,5,125
ant,3CGFYXD8,20000,21,4,8,1.4,1.3,1,5,187
ant,Q6T2ZYM2,20000,21,4,8,1.4,1.3,1,5,250
ant,K1E8CQRA,20000,21,4,8,1.4,1.3,4,5,0
ant,4EXYYUAJ,20000,21,4,8,1.4,1.3,4,5,62
ant,WZEV3UOQ,20000,21,4,8,1.4,1.3,4,5,125
ant,WD3U8KEH,20000,21,4,8,1.4,1.3,4,5,187
ant,F9QQAZQG,20000,21,4,8,1.4,1.3,4,5,250
ant,Q9QXR72P,20000,21,4,8,1.4,1.3,8,5,0
ant,07O3JQ4A,20000,21,4,8,1.4,1.3,8,5,62
ant,QL3F7RE8,20000,21,4,8,1.4,1.3,8,5,125
ant,KHH9DVEZ,20000,21,4,8,1.4,1.3,8,5,187
ant,9QDNVSEY,20000,21,4,8,1.4,1.3,8,5,250
ant,UQOUS09W,20000,21,4,8,1.4,1.3,12,5,0
ant,TKVM2JAW,20000,21,4,8,1.4,1.3,12,5,62
ant,59UR350F,20000,21,4,8,1.4,1.3,12,5,125
ant,9XSWR4LE,20000,21,4,8,1.4,1.3,12,5,187
ant,KSR1T3MV,20000,21,4,8,1.4,1.3,12,5,250
ant,BU27IZPA,20000,21,4,8,1.4,1.3,16,5,0
ant,VGH7K8K8,20000,21,4,8,1.4,1.3,16,5,62
ant,9Y4LMGXC,20000,21,4,8,1.4,1.3,16,5,125
ant,D70C0LB7,20000,21,4,8,1.4,1.3,16,5,187
ant,QYR0Q7SY,20000,21,4,8,1.4,1.3,16,5,250
ant,ZQ6JDNP7,20000,21,4,12,1.4,1.3,1,5,0
ant,BGSRE704,20000,21,4,12,1.4,1.3,1,5,62
ant,R5AEQLN1,20000,21,4,12,1.4,1.3,1,5,125
ant,XQ21EHJA,20000,21,4,12,1.4,1.3,1,5,187
ant,CXEPFUX7,20000,21,4,12,1.4,1.3,1,5,250
ant,CP718OOV,20000,21,4,12,1.4,1.3,4,5,0
ant,L6FR2MRO,20000,21,4,12,1.4,1.3,4,5,62
ant,A3KDWIPI,20000,21,4,12,1.4,1.3,4,5,125
ant,Y85P6I0Q,20000,21,4,12,1.4,1.3,4,5,187
ant,KKINJ67N,20000,21,4,12,1.4,1.3,4,5,250
ant,IS80OSBD,20000,21,4,12,1.4,1.3,8,5,0
ant,EDSAT53W,20000,21,4,12,1.4,1.3,8,5,62
ant,Y0C7PYV8,20000,21,4,12,1.4,1.3,8,5,125
ant,Y6S7XNQ6,20000,21,4,12,1.4,1.3,8,5,187
ant,GT1Q8PTA,20000,21,4,12,1.4,1.3,8,5,250
ant,2DZUY71P,20000,21,4,12,1.4,1.3,12,5,0
ant,ZD26H0V5,20000,21,4,12,1.4,1.3,12,5,62
ant,3L6WCV0T,20000,21,4,12,1.4,1.3,12,5,125
ant,P80ONOSX,20000,21,4,12,1.4,1.3,12,5,187
ant,M2PYWZT4,20000,21,4,12,1.4,1.3,12,5,250
ant,0B79YOK7,20000,21,4,12,1.4,1.3,16,5,0
ant,OQPOMHI7,20000,21,4,12,1.4,1.3,16,5,62
ant,8MQ6I19G,20000,21,4,12,1.4,1.3,16,5,125
ant,Q35V3A8T,20000,21,4,12,1.4,1.3,16,5,187
ant,X55PBPZV,20000,21,4,12,1.4,1.3,16,5,250
ant,4YIXDT23,20000,21,4,16,1.4,1.3,1,5,0
ant,BFIF1PNP,20000,21,4,16,1.4,1.3,1,5,62
ant,NOLOM6UC,20000,21,4,16,1.4,1.3,1,5,125
ant,HA0FEBH1,20000,21,4,16,1.4,1.3,1,5,187
ant,5T2I2C4B,20000,21,4,16,1.4,1.3,1,5,250
ant,7313YMUH,20000,21,4,16,1.4,1.3,4,5,0
ant,P17HR2TG,20000,21,4,16,1.4,1.3,4,5,62
ant,YTNW5KHS,20000,21,4,16,1.4,1.3,4,5,125
ant,EAOU1IMB,20000,21,4,16,1.4,1.3,4,5,187
ant,6BFLEIZO,20000,21,4,16,1.4,1.3,4,5,250
ant,PZEJ88J6,20000,21,4,16,1.4,1.3,8,5,0
ant,J9V6TS9T,20000,21,4,16,1.4,1.3,8,5,62
ant,8C1Q7GOC,20000,21,4,16,1.4,1.3,8,5,125
ant,SVVTT2UF,20000,21,4,16,1.4,1.3,8,5,187
ant,3K9ST3N8,20000,21,4,16,1.4,1.3,8,5,250
ant,32J8SJP3,20000,21,4,16,1.4,1.3,12,5,0
ant,WGNBEUD2,20000,21,4,16,1.4,1.3,12,5,62
ant,GSGQ0YOR,20000,21,4,16,1.4,1.3,12,5,125
ant,ATPJ3ABY,20000,21,4,16,1.4,1.3,12,5,187
ant,7WJDAMPX,20000,21,4,16,1.4,1.3,12,5,250
ant,DZSE95O3,20000,21,4,16,1.4,1.3,16,5,0
ant,DA7KIHK9,20000,21,4,16,1.4,1.3,16,5,62
ant,L5X52YUU,20000,21,4,16,1.4,1.3,16,5,125
ant,JIG0E1CB,20000,21,4,16,1.4,1.3,16,5,187
ant,7EVEIWIZ,20000,21,4,16,1.4,1.3,16,5,250
duck,Q7AOENXG,576,21,4,0,1.4,1.3,1,5,0
duck,3MZLO8AO,576,21,4,0,1.4,1.3,1,5,62
duck,9D1RC9K3,576,21,4,0,1.4,1.3,1,5,125
duck,KA7BUJN4,576,21,4,0,1.4,1.3,1,5,187
duck,Y2KJ73MQ,576,21,4,0,1.4,1.3,1,5,250
duck,W61SV45H,576,21,4,0,1.4,1.3,4,5,0
duck,A95IGBR9,576,21,4,0,1.4,1.3,4,5,62
duck,316ZI9M3,576,21,4,0,1.4,1.3,4,5,125
duck,8QPGL58M,576,21,4,0,1.4,1.3,4,5,187
duck,2A00KN8M,576,21,4,0,1.4,1.3,4,5,250
duck,T77TURJ3,576,21,4,0,1.4,1.3,8,5,0
duck,93D6Z3B9,576,21,4,0,1.4,1.3,8,5,62
duck,FY5L5AHA,576,21,4,0,1.4,1.3,8,5,125
duck,907OR4KN,576,21,4,0,1.4,1.3,8,5,187
duck,UDR7HPPL,576,21,4,0,1.4,1.3,8,5,250
duck,9C37QLRS,576,21,4,0,1.4,1.3,12,5,0
duck,0EQ8RXZM,576,21,4,0,1.4,1.3,12,5,62
duck,US53RJR1,576,21,4,0,1.4,1.3,12,5,125
duck,6PCA8UXF,576,21,4,0,1.4,1.3,12,5,187
duck,WZC971CL,576,21,4,0,1.4,1.3,12,5,250
duck,WIGQMFVJ,576,21,4,0,1.4,1.3,16,5,0
duck,MNBXTVHS,576,21,4,0,1.4,1.3,16,5,62
duck,9P6FFDMC,576,21,4,0,1.4,1.3,16,5,125
duck,24DC3EXI,576,21,4,0,1.4,1.3,16,5,187
duck,AOEC3O9J,576,21,4,0,1.4,1.3,16,5,250
duck,SI15GTNP,576,21,4,4,1.4,1.3,1,5,0
duck,RL1CCO8A,576,21,4,4,1.4,1.3,1,5,62
duck,O7L3UNTT,576,21,4,4,1.4,1.3,1,5,125
duck,SSRYFCXF,576,21,4,4,1.4,1.3,1,5,187
duck,M9OPAVI1,576,21,4,4,1.4,1.3,1,5,250
duck,H82Z4RHS,576,21,4,4,1.4,1.3,4,5,0
duck,6HUZIP1I,576,21,4,4,1.4,1.3,4,5,62
duck,2NZ550RQ,576,21,4,4,1.4,1.3,4,5,125
duck,CN4RXR6H,576,21,4,4,1.4,1.3,4,5,187
duck,YFT8MU1E,576,21,4,4,1.4,1.3,4,5,250
duck,I7WFNGH1,576,21,4,4,1.4,1.3,8,5,0
duck,YM2U8C8W,576,21,4,4,1.4,1.3,8,5,62
duck,T5PMBJNV,576,21,4,4,1.4,1.3,8,5,125
duck,56N10X94,576,21,4,4,1.4,1.3,8,5,187
duck,HJ8GD5BM,576,21,4,4,1.4,1.3,8,5,250
duck,6U289JE8,576,21,4,4,1.4,1.3,12,5,0
duck,NNY1TVCB,576,21,4,4,1.4,1.3,12,5,62
duck,XFTP1VVO,576,21,4,4,1.4,1.3,12,5,125
duck,BIB2M4RK,576,21,4,4,1.4,1.3,12,5,187
duck,7OJ2GGOS,576,21,4,4,1.4,1.3,12,5,250
duck,76SDGDSK,576,21,4,4,1.4,1.3,16,5,0
duck,4KMZPPM3,576,21,4,4,1.4,1.3,16,5,62
duck,B910Y02V,576,21,4,4,1.4,1.3,16,5,125
duck,BWE0CEAG,576,21,4,4,1.4,1.3,16,5,187
duck,FKGT0ITU,576,21,4,4,1.4,1.3,16,5,250
duck,2JVUI3JL,576,21,4,8,1.4,1.3,1,5,0
duck,K44RIHHW,576,21,4,8,1.4,1.3,1,5,62
duck,X4FGUV8P,576,21,4,8,1.4,1.3,1,5,125
duck,U7ULIZV3,576,21,4,8,1.4,1.3,1,5,187
duck,JII9RYAB,576,21,4,8,1.4,1.3,1,5,250
duck,ZGAAT5EU,576,21,4,8,1.4,1.3,4,5,0
duck,NLEIU7JC,576,21,4,8,1.4,1.3,4,5,62
duck,A46WEDKQ,576,21,4,8,1.4,1.3,4,5,125
duck,DLVLWSKN,576,21,4,8,1.4,1.3,4,5,187
duck,T8YRZ72K,576,21,4,8,1.4,1.3,4,5,250
duck,F7QKVAM1,576,21,4,8,1.4,1.3,8,5,0
duck,P2JTUT9Z,576,21,4,8,1.4,1.3,8,5,62
duck,VAUEQ73O,576,21,4,8,1.4,1.3,8,5,125
duck,O2WG8SWI,576,21,4,8,1.4,1.3,8,5,187
duck,P8UDZF2W,576,21,4,8,1.4,1.3,8,5,250
duck,ULENIKN4,576,21,4,8,1.4,1.3,12,5,0
duck,6TZ7N6MI,576,21,4,8,1.4,1.3,12,5,62
duck,0L7EY19I,576,21,4,8,1.4,1.3,12,5,125
duck,NE2ZVS51,576,21,4,8,1.4,1.3,12,5,187
duck,JEB85IH4,576,21,4,8,1.4,1.3,12,5,250
duck,B4VBDS0V,576,21,4,8,1.4,1.3,16,5,0
duck,DJEZVNNW,576,21,4,8,1.4,1.3,16,5,62
duck,K2BQEOIJ,576,21,4,8,1.4,1.3,16,5,125
duck,Q8VXFWS8,576,21,4,8,1.4,1.3,16,5,187
duck,JVXBUXPR,576,21,4,8,1.4,1.3,16,5,250
duck,9HL6XWIN,576,21,4,12,1.4,1.3,1,5,0
duck,0VPG3II7,576,21,4,12,1.4,1.3,1,5,62
duck,TWY313XO,576,21,4,12,1.4,1.3,1,5,125
duck,RRJYK4F8,576,21,4,12,1.4,1.3,1,5,187
duck,WMBXFNGH,576,21,4,12,1.4,1.3,1,5,250
duck,KRDEW1WE,576,21,4,12,1.4,1.3,4,5,0
duck,40KTC9YF,576,21,4,12,1.4,1.3,4,5,62
duck,SZBJFBCR,576,21,4,12,1.4,1.3,4,5,125
duck,U9G3VVIA,576,21,4,12,1.4,1.3,4,5,187
duck,VUFAN14L,576,21,4,12,1.4,1.3,4,5,250
duck,ZRTNC86Y,576,21,4,12,1.4,1.3,8,5,0
duck,BWDAOIIL,576,21,4,12,1.4,1.3,8,5,62
duck,Y9KK6YYH,576,21,4,12,1.4,1.3,8,5,125
duck,GXLNCW8Z,576,21,4,12,1.4,1.3,8,5,187
duck,HHT0CCNL,576,21,4,12,1.4,1.3,8,5,250
duck,4UWHI2GK,576,21,4,12,1.4,1.3,12,5,0
duck,GWIT7MSN,576,21,4,12,1.4,1.3,12,5,62
duck,U3OXYHY2,576,21,4,12,1.4,1.3,12,5,125
duck,U55DQ52R,576,21,4,12,1.4,1.3,12,5,187
duck,X25WG2GE,576,21,4,12,1.4,1.3,12,5,250
duck,E4EL613E,576,21,4,12,1.4,1.3,16,5,0
duck,7LL46PQI,576,21,4,12,1.4,1.3,16,5,62
duck,4OJJN69T,576,21,4,12,1.4,1.3,16,5,125
duck,POVOSRV7,576,21,4,12,1.4,1.3,16,5,187
duck,EPN7W8V4,576,21,4,12,1.4,1.3,16,5,250
duck,TOK0TP7S,576,21,4,16,1.4,1.3,1,5,0
duck,ESQH87M1,576,21,4,16,1.4,1.3,1,5,62
duck,I9FQKXI5,576,21,4,16,1.4,1.3,1,5,125
duck,GI3SG8UH,576,21,4,16,1.4,1.3,1,5,187
duck,HUT8KYW1,576,21,4,16,1.4,1.3,1,5,250
duck,V8X6JXXK,576,21,4,16,1.4,1.3,4,5,0
duck,MC0UCPKI,576,21,4,16,1.4,1.3,4,5,62
duck,7R49JMPG,576,21,4,16,1.4,1.3,4,5,125
duck,T48N76SN,576,21,4,16,1.4,1.3,4,5,187
duck,HBZMBIGX,576,21,4,16,1.4,1.3,4,5,250
duck,N8T83XD8,576,21,4,16,1.4,1.3,8,5,0
duck,TIMTTIRR,576,21,4,16,1.4,1.3,8,5,62
duck,IUW4M0E5,576,21,4,16,1.4,1.3,8,5,125
duck,OEDUT8Y0,576,21,4,16,1.4,1.3,8,5,187
duck,N9ICLMRX,576,21,4,16,1.4,1.3,8,5,250
duck,NPE8DFA1,576,21,4,16,1.4,1.3,12,5,0
duck,7AXV4B31,576,21,4,16,1.4,1.3,12,5,62
duck,C2YVF5UK,576,21,4,16,1.4,1.3,12,5,125
duck,5CT7YD0P,576,21,4,16,1.4,1.3,12,5,187
duck,BJWD4ZPV,576,21,4,16,1.4,1.3,12,5,250
duck,B3LHG9H2,576,21,4,16,1.4,1.3,16,5,0
duck,UDK2QEVC,576,21,4,16,1.4,1.3,16,5,62
duck,O1MJ33OQ,576,21,4,16,1.4,1.3,16,5,125
duck,AWB6V63K,576,21,4,16,1.4,1.3,16,5,187
duck,KA0NH6TP,576,21,4,16,1.4,1.3,16,5,250
duck,I3BVWOB3,1536,21,4,0,1.4,1.3,1,5,0
duck,R6SX4QN2,1536,21,4,0,1.4,1.3,1,5,62
duck,425QMIG1,1536,21,4,0,1.4,1.3,1,5,125
duck,HVF40OW7,1536,21,4,0,1.4,1.3,1,5,187
duck,7KS4DMAS,1536,21,4,0,1.4,1.3,1,5,250
duck,MF5UB7QX,1536,21,4,0,1.4,1.3,4,5,0
duck,DZN2AMXN,1536,21,4,0,1.4,1.3,4,5,62
duck,5PBSWV2I,1536,21,4,0,1.4,1.3,4,5,125
duck,D88BZZJV,1536,21,4,0,1.4,1.3,4,5,187
duck,PD1O0127,1536,21,4,0,1.4,1.3,4,5,250
duck,KESQXZVI,1536,21,4,0,1.4,1.3,8,5,0
duck,RVBL74OK,1536,21,4,0,1.4,1.3,8,5,62
duck,031L85IX,1536,21,4,0,1.4,1.3,8,5,125
duck,7CQC4N96,1536,21,4,0,1.4,1.3,8,5,187
duck,IGFWFDMO,1536,21,4,0,1.4,1.3,8,5,250
duck,XFM30WJD,1536,21,4,0,1.4,1.3,12,5,0
duck,R6QXYN89,1536,21,4,0,1.4,1.3,12,5,62
duck,U9VW0TR5,1536,21,4,0,1.4,1.3,12,5,125
duck,WL99OC5O,1536,21,4,0,1.4,1.3,12,5,187
duck,U1YFGME0,1536,21,4,0,1.4,1.3,12,5,250
duck,J1TC2F8R,1536,21,4,0,1.4,1.3,16,5,0
duck,0N5D0IQ8,1536,21,4,0,1.4,1.3,16,5,62
duck,ZWRMTLYJ,1536,21,4,0,1.4,1.3,16,5,125
duck,CT4JMZVU,1536,21,4,0,1.4,1.3,16,5,187
duck,DHN8T9F7,1536,21,4,0,1.4,1.3,16,5,250
duck,LOT3VTXB,1536,21,4,4,1.4,1.3,1,5,0
duck,DLBNRMD9,1536,21,4,4,1.4,1.3,1,5,62
duck,V6S9GZCO,1536,21,4,4,1.4,1.3,1,5,125
duck,WPV99PEM,1536,21,4,4,1.4,1.3,1,5,187
duck,YXWNEJ73,1536,21,4,4,1.4,1.3,1,5,250
duck,YKZ5QT7W,1536,21,4,4,1.4,1.3,4,5,0
duck,DKKA5VJP,1536,21,4,4,1.4,1.3,4,5,62
duck,4N5VNGUI,1536,21,4,4,1.4,1.3,4,5,125
duck,KNE1XNRQ,1536,21,4,4,1.4,1.3,4,5,187
duck,MCELT46G,1536,21,4,4,1.4,1.3,4,5,250
duck,MHY7C63A,1536,21,4,4,1.4,1.3,8,5,0
duck,537ZH80Z,1536,21,4,4,1.4,1.3,8,5,62
duck,ZSKPBHR0,1536,21,4,4,1.4,1.3,8,5,125
duck,XAST8RQY,1536,21,4,4,1.4,1.3,8,5,187
duck,BER71VYD,1536,21,4,4,1.4,1.3,8,5,250
duck,1RO1HRRF,1536,21,4,4,1.4,1.3,12,5,0
duck,6V22KOJ8,1536,21,4,4,1.4,1.3,12,5,62
duck,JHQNKZJ7,1536,21,4,4,1.4,1.3,12,5,125
duck,50RYRCXZ,1536,21,4,4,1.4,1.3,12,5,187
duck,R607WPRO,1536,21,4,4,1.4,1.3,12,5,250
duck,7MOSHK6H,1536,21,4,4,1.4,1.3,16,5,0
duck,LC7G3PHV,1536,21,4,4,1.4,1.3,16,5,62
duck,TQ1BKEAX,1536,21,4,4,1.4,1.3,16,5,125
duck,0I2HFS0Y,1536,21,4,4,1.4,1.3,16,5,187
duck,AX21IM7M,1536,21,4,4,1.4,1.3,16,5,250
duck,LSJLEN3B,1536,21,4,8,1.4,1.3,1,5,0
duck,QDOUYWDY,1536,21,4,8,1.4,1.3,1,5,62
duck,4HLEXKH0,1536,21,4,8,1.4,1.3,1,5,125
duck,3OE1HVXW,1536,21,4,8,1.4,1.3,1,5,187
duck,67OGWS17,1536,21,4,8,1.4,1.3,1,5,250
duck,9GEPQNXW,1536,21,4,8,1.4,1.3,4,5,0
duck,ID939BQZ,1536,21,4,8,1.4,1.3,4,5,62
duck,Z1OT1O6P,1536,21,4,8,1.4,1.3,4,5,125
duck,7F2CS8QS,1536,21,4,8,1.4,1.3,4,5,187
duck,4HME8HA2,1536,21,4,8,1.4,1.3,4,5,250
duck,8AS9FEX9,1536,21,4,8,1.4,1.3,8,5,0
duck,KLUTSZ2Y,1536,21,4,8,1.4,1.3,8,5,62
duck,9GYTK10N,1536,21,4,8,1.4,1.3,8,5,125
duck,K6QFJXNU,1536,21,4,8,1.4,1.3,8,5,187
duck,HO035PPW,1536,21,4,8,1.4,1.3,8,5,250
duck,XN8D9IRL,1536,21,4,8,1.4,1.3,12,5,0
duck,J9XXBUE9,1536,21,4,8,1.4,1.3,12,5,62
duck,KFQGP7TM,1536,21,4,8,1.4,1.3,12,5,125
duck,CYKQX4Z2,1536,21,4,8,1.4,1.3,12,5,187
duck,YL8TYZML,1536,21,4,8,1.4,1.3,12,5,250
duck,FEKTXTTA,1536,21,4,8,1.4,1.3,16,5,0
duck,BHCWHQET,1536,21,4,8,1.4,1.3,16,5,62
duck,QT8GYC21,1536,21,4,8,1.4,1.3,16,5,125
duck,IFZKJQKG,1536,21,4,8,1.4,1.3,16,5,187
duck,UR0X2WCP,1536,21,4,8,1.4,1.3,16,5,250
duck,2OKTR2A1,1536,21,4,12,1.4,1.3,1,5,0
duck,R614OW4A,1536,21,4,12,1.4,1.3,1,5,62
duck,5NZJV33B,1536,21,4,12,1.4,1.3,1,5,125
duck,2G4V5XHA,1536,21,4,12,1.4,1.3,1,5,187
duck,BEDUP8UW,1536,21,4,12,1.4,1.3,1,5,250
duck,HF9JTZKZ,1536,21,4,12,1.4,1.3,4,5,0
duck,94C46Q53,1536,21,4,12,1.4,1.3,4,5,62
duck,I9NB2M9K,1536,21,4,12,1.4,1.3,4,5,125
duck,WBVAM3NF,1536,21,4,12,1.4,1.3,4,5,187
duck,D1F2YKWH,1536,21,4,12,1.4,1.3,4,5,250
duck,SQJQI4MH,1536,21,4,12,1.4,1.3,8,5,0
duck,LWB9C576,1536,21,4,12,1.4,1.3,8,5,62
duck,KHR4KQ0F,1536,21,4,12,1.4,1.3,8,5,125
duck,NC9Y0IZH,1536,21,4,12,1.4,1.3,8,5,187
duck,3UTZZKF3,1536,21,4,12,1.4,1.3,8,5,250
duck,FZVBD8O0,1536,21,4,12,1.4,1.3,12,5,0
duck,1OS1A0QK,1536,21,4,12,1.4,1.3,12,5,62
duck,YQD6OCOQ,1536,21,4,12,1.4,1.3,12,5,125
duck,Y7P482OU,1536,21,4,12,1.4,1.3,12,5,187
duck,R95T4IGQ,1536,21,4,12,1.4,1.3,12,5,250
duck,KSQ9TW0X,1536,21,4,12,1.4,1.3,16,5,0
duck,D96C0BLP,1536,21,4,12,1.4,1.3,16,5,62
duck,M33POD81,1536,21,4,12,1.4,1.3,16,5,125
duck,T374WA3X,1536,21,4,12,1.4,1.3,16,5,187
duck,QUCXBFK4,1536,21,4,12,1.4,1.3,16,5,250
duck,NI5NIMBP,1536,21,4,16,1.4,1.3,1,5,0
duck,FFY0324T,1536,21,4,16,1.4,1.3,1,5,62
duck,4I9P696J,1536,21,4,16,1.4,1.3,1,5,125
duck,6Y4GSY0A,1536,21,4,16,1.4,1.3,1,5,187
duck,8MMYSS4W,1536,21,4,16,1.4,1.3,1,5,250
duck,1RPRFPZW,1536,21,4,16,1.4,1.3,4,5,0
duck,AZ1AUQQ1,1536,21,4,16,1.4,1.3,4,5,62
duck,N4FLGF47,1536,21,4,16,1.4,1.3,4,5,125
duck,1T2QK4SU,1536,21,4,16,1.4,1.3,4,5,187
duck,AQGSRXLW,1536,21,4,16,1.4,1.3,4,5,250
duck,8ZOPOBL4,1536,21,4,16,1.4,1.3,8,5,0
duck,FOR1S9D8,1536,21,4,16,1.4,1.3,8,5,62
duck,CZA1TQDZ,1536,21,4,16,1.4,1.3,8,5,125
duck,0Q12KTTK,1536,21,4,16,1.4,1.3,8,5,187
duck,B978FW8N,1536,21,4,16,1.4,1.3,8,5,250
duck,VURCNEAH,1536,21,4,16,1.4,1.3,12,5,0
duck,W3CMTGS6,1536,21,4,16,1.4,1.3,12,5,62
duck,YUBKTPC3,1536,21,4,16,1.4,1.3,12,5,125
duck,7OHMSJ23,1536,21,4,16,1.4,1.3,12,5,187
duck,ZHN32OIW,1536,21,4,16,1.4,1.3,12,5,250
duck,700R4NB8,1536,21,4,16,1.4,1.3,16,5,0
duck,47DAFL3U,1536,21,4,16,1.4,1.3,16,5,62
duck,T8G879LX,1536,21,4,16,1.4,1.3,16,5,125
duck,6DNIWDL2,1536,21,4,16,1.4,1.3,16,5,187
duck,ZNHDVSVG,1536,21,4,16,1.4,1.3,16,5,250
duck,3BK17ZSV,3072,21,4,0,1.4,1.3,1,5,0
duck,VJIT9WKK,3072,21,4,0,1.4,1.3,1,5,62
duck,9FJAZ3YB,3072,21,4,0,1.4,1.3,1,5,125
duck,55EEKZQU,3072,21,4,0,1.4,1.3,1,5,187
duck,PXQSICHC,3072,21,4,0,1.4,1.3,1,5,250
duck,BRKQTK28,3072,21,4,0,1.4,1.3,4,5,0
duck,FWH6911S,3072,21,4,0,1.4,1.3,4,5,62
duck,AJ20FCYC,3072,21,4,0,1.4,1.3,4,5,125
duck,XNNHPJD7,3072,21,4,0,1.4,1.3,4,5,187
duck,9TR168NQ,3072,21,4,0,1.4,1.3,4,5,250
duck,P0PACQR0,3072,21,4,0,1.4,1.3,8,5,0
duck,8CZCMAEX,3072,21,4,0,1.4,1.3,8,5,62
duck,U2Y6RHC0,3072,21,4,0,1.4,1.3,8,5,125
duck,QW6AEC1C,3072,21,4,0,1.4,1.3,8,5,187
duck,Y67CA4NH,3072,21,4,0,1.4,1.3,8,5,250
duck,UGAE5G1P,3072,21,4,0,1.4,1.3,12,5,0
duck,SZN3PBQ1,3072,21,4,0,1.4,1.3,12,5,62
duck,NZNY13A6,3072,21,4,0,1.4,1.3,12,5,125
duck,LJ40NB3S,3072,21,4,0,1.4,1.3,12,5,187
duck,EGL5NRHS,3072,21,4,0,1.4,1.3,12,5,250
duck,QAM7YZWI,3072,21,4,0,1.4,1.3,16,5,0
duck,MIXEFD07,3072,21,4,0,1.4,1.3,16,5,62
duck,1D5CY9DK,3072,21,4,0,1.4,1.3,16,5,125
duck,1J16L3T1,3072,21,4,0,1.4,1.3,16,5,187
duck,B06ZYW7N,3072,21,4,0,1.4,1.3,16,5,250
duck,ZEB9SVV5,3072,21,4,4,1.4,1.3,1,5,0
duck,8S47TOWD,3072,21,4,4,1.4,1.3,1,5,62
duck,CQUSJKIY,3072,21,4,4,1.4,1.3,1,5,125
duck,A6AUISY2,3072,21,4,4,1.4,1.3,1,5,187
duck,DXFMJHQF,3072,21,4,4,1.4,1.3,1,5,250
duck,X6HS56QR,3072,21,4,4,1.4,1.3,4,5,0
duck,AT06L7C0,3072,21,4,4,1.4,1.3,4,5,62
duck,RL4MGTJA,3072,21,4,4,1.4,1.3,4,5,125
duck,MQHPJPTV,3072,21,4,4,1.4,1.3,4,5,187
duck,ZRUAA5KZ,3072,21,4,4,1.4,1.3,4,5,250
duck,6IMY880Q,3072,21,4,4,1.4,1.3,8,5,0
duck,OVR0SIVT,3072,21,4,4,1.4,1.3,8,5,62
duck,M110X3IJ,3072,21,4,4,1.4,1.3,8,5,125
duck,1GOURGOI,3072,21,4,4,1.4,1.3,8,5,187
duck,2M0EQW9B,3072,21,4,4,1.4,1.3,8,5,250
duck,KH0W9RR3,3072,21,4,4,1.4,1.3,12,5,0
duck,F4CLORSG,3072,21,4,4,1.4,1.3,12,5,62
duck,2YWB7JP5,3072,21,4,4,1.4,1.3,12,5,125
duck,KA69HQU6,3072,21,4,4,1.4,1.3,12,5,187
duck,1WQ3GOPC,3072,21,4,4,1.4,1.3,12,5,250
duck,JMWGQMG6,3072,21,4,4,1.4,1.3,16,5,0
duck,EEDUYD5S,3072,21,4,4,1.4,1.3,16,5,62
duck,PX5DHJLL,3072,21,4,4,1.4,1.3,16,5,125
duck,BWQ86GWX,3072,21,4,4,1.4,1.3,16,5,187
duck,UBTC9ZUM,3072,21,4,4,1.4,1.3,16,5,250
duck,F3BLTROC,3072,21,4,8,1.4,1.3,1,5,0
duck,0IR70FV9,3072,21,4,8,1.4,1.3,1,5,62
duck,0M9UHKI5,3072,21,4,8,1.4,1.3,1,5,125
duck,CVNWVOVD,3072,21,4,8,1.4,1.3,1,5,187
duck,W38CKLQ5,3072,21,4,8,1.4,1.3,1,5,250
duck,39UTOZHJ,3072,21,4,8,1.4,1.3,4,5,0
duck,R2RRL5T9,3072,21,4,8,1.4,1.3,4,5,62
duck,OS18YYTY,3072,21,4,8,1.4,1.3,4,5,125
duck,22O9NF09,3072,21,4,8,1.4,1.3,4,5,187
duck,46E0AZIJ,3072,21,4,8,1.4,1.3,4,5,250
duck,BKOHQA9C,3072,21,4,8,1.4,1.3,8,5,0
duck,R3APP3PS,3072,21,4,8,1.4,1.3,8,5,62
duck,KV4S5STM,3072,21,4,8,1.4,1.3,8,5,125
duck,LRVV2WUG,3072,21,4,8,1.4,1.3,8,5,187
duck,MLQSAG3D,3072,21,4,8,1.4,1.3,8,5,250
duck,945MW9PW,3072,21,4,8,1.4,1.3,12,5,0
duck,HRRSFZXC,3072,21,4,8,1.4,1.3,12,5,62
duck,4D3S4H5R,3072,21,4,8,1.4,1.3,12,5,125
duck,VFVWWTF3,3072,21,4,8,1.4,1.3,12,5,187
duck,80UY0MOL,3072,21,4,8,1.4,1.3,12,5,250
duck,5ZI91RZ3,3072,21,4,8,1.4,1.3,16,5,0
duck,7KWGIQD0,3072,21,4,8,1.4,1.3,16,5,62
duck,VAY9SKEK,3072,21,4,8,1.4,1.3,16,5,125
duck,9ZDRC2YV,3072,21,4,8,1.4,1.3,16,5,187
duck,T1T3SIT3,3072,21,4,8,1.4,1.3,16,5,250
duck,9V4XFE3E,3072,21,4,12,1.4,1.3,1,5,0
duck,42ZL2VHF,3072,21,4,12,1.4,1.3,1,5,62
duck,HV1CD85Z,3072,21,4,12,1.4,1.3,1,5,125
duck,79BYIJ5R,3072,21,4,12,1.4,1.3,1,5,187
duck,7HRST3RL,3072,21,4,12,1.4,1.3,1,5,250
duck,CBDSPGPT,3072,21,4,12,1.4,1.3,4,5,0
duck,ZKYLISNU,3072,21,4,12,1.4,1.3,4,5,62
duck,M71ZCC3J,3072,21,4,12,1.4,1.3,4,5,125
duck,M0D1NXA8,3072,21,4,12,1.4,1.3,4,5,187
duck,D6UF0XF2,3072,21,4,12,1.4,1.3,4,5,250
duck,LE7VC4DI,3072,21,4,12,1.4,1.3,8,5,0
duck,SJYHGQLI,3072,21,4,12,1.4,1.3,8,5,62
duck,7OYNS32Z,3072,21,4,12,1.4,1.3,8,5,125
duck,O8S5UZ1Y,3072,21,4,12,1.4,1.3,8,5,187
duck,NOX2NT4S,3072,21,4,12,1.4,1.3,8,5,250
duck,4RIS9J34,3072,21,4,12,1.4,1.3,12,5,0
duck,OPIS23PT,3072,21,4,12,1.4,1.3,12,5,62
duck,MUJTYG6C,3072,21,4,12,1.4,1.3,12,5,125
duck,MWCYL2IJ,3072,21,4,12,1.4,1.3,12,5,187
duck,MF381OZ1,3072,21,4,12,1.4,1.3,12,5,250
duck,DSVXA8KV,3072,21,4,12,1.4,1.3,16,5,0
duck,VFN7BO78,3072,21,4,12,1.4,1.3,16,5,62
duck,TRR92B58,3072,21,4,12,1.4,1.3,16,5,125
duck,5LZMDU8N,3072,21,4,12,1.4,1.3,16,5,187
duck,KGKVPBQN,3072,21,4,12,1.4,1.3,16,5,250
duck,G0W0YET3,3072,21,4,16,1.4,1.3,1,5,0
duck,LD4RO7WY,3072,21,4,16,1.4,1.3,1,5,62
duck,1M7G2BC5,3072,21,4,16,1.4,1.3,1,5,125
duck,0TXXS21J,3072,21,4,16,1.4,1.3,1,5,187
duck,K0WMRI81,3072,21,4,16,1.4,1.3,1,5,250
duck,K6PA1QAD,3072,21,4,16,1.4,1.3,4,5,0
duck,DK5JFRBU,3072,21,4,16,1.4,1.3,4,5,62
duck,7OSN1MV2,3072,21,4,16,1.4,1.3,4,5,125
duck,A6P9X9LJ,3072,21,4,16,1.4,1.3,4,5,187
duck,DWIE0CW0,3072,21,4,16,1.4,1.3,4,5,250
duck,JLWJOLBI,3072,21,4,16,1.4,1.3,8,5,0
duck,7TM5FJID,3072,21,4,16,1.4,1.3,8,5,62
duck,06IQDAEY,3072,21,4,16,1.4,1.3,8,5,125
duck,3BCPWTJY,3072,21,4,16,1.4,1.3,8,5,187
duck,M67M6V9O,3072,21,4,16,1.4,1.3,8,5,250
duck,7ZP0MBM6,3072,21,4,16,1.4,1.3,12,5,0
duck,IE6TR0RQ,3072,21,4,16,1.4,1.3,12,5,62
duck,5VS7AVBK,3072,21,4,16,1.4,1.3,12,5,125
duck,GYXAVTVT,3072,21,4,16,1.4,1.3,12,5,187
duck,CQZHY8NB,3072,21,4,16,1.4,1.3,12,5,250
duck,4R34RKQ0,3072,21,4,16,1.4,1.3,16,5,0
duck,H1W2XMDN,3072,21,4,16,1.4,1.3,16,5,62
duck,GUSALSIH,3072,21,4,16,1.4,1.3,16,5,125
duck,D0YIVM3W,3072,21,4,16,1.4,1.3,16,5,187
duck,06IQWDFI,3072,21,4,16,1.4,1.3,16,5,250
duck,QGZONIZQ,4992,21,4,0,1.4,1.3,1,5,0
duck,4DIS9F5N,4992,21,4,0,1.4,1.3,1,5,62
duck,Y4NHWRPF,4992,21,4,0,1.4,1.3,1,5,125
duck,9L49QDXZ,4992,21,4,0,1.4,1.3,1,5,187
duck,UMTR594T,4992,21,4,0,1.4,1.3,1,5,250
duck,LMNIBAHN,4992,21,4,0,1.4,1.3,4,5,0
duck,S0KLPOQC,4992,21,4,0,1.4,1.3,4,5,62
duck,RRQ23JRE,4992,21,4,0,1.4,1.3,4,5,125
duck,P2RX2W6R,4992,21,4,0,1.4,1.3,4,5,187
duck,K8PBFDYB,4992,21,4,0,1.4,1.3,4,5,250
duck,AB4FZ3OC,4992,21,4,0,1.4,1.3,8,5,0
duck,T3TXDSP8,4992,21,4,0,1.4,1.3,8,5,62
duck,E92S85XW,4992,21,4,0,1.4,1.3,8,5,125
duck,KZYVM5XH,4992,21,4,0,1.4,1.3,8,5,187
duck,55284CW1,4992,21,4,0,1.4,1.3,8,5,250
duck,7FBQJ1J9,4992,21,4,0,1.4,1.3,12,5,0
duck,NE87TAS5,4992,21,4,0,1.4,1.3,12,5,62
duck,2D22G91K,4992,21,4,0,1.4,1.3,12,5,125
duck,HSCIXAC9,4992,21,4,0,1.4,1.3,12,5,187
duck,BW22HACD,4992,21,4,0,1.4,1.3,12,5,250
duck,8U1PUAXW,4992,21,4,0,1.4,1.3,16,5,0
duck,IJKW8CRA,4992,21,4,0,1.4,1.3,16,5,62
duck,VIPJK2W4,4992,21,4,0,1.4,1.3,16,5,125
duck,BHVBKXPM,4992,21,4,0,1.4,1.3,16,5,187
duck,9ROM1PPH,4992,21,4,0,1.4,1.3,16,5,250
duck,OXHEYI9C,4992,21,4,4,1.4,1.3,1,5,0
duck,905Z51SL,4992,21,4,4,1.4,1.3,1,5,62
duck,5U5ZR0AX,4992,21,4,4,1.4,1.3,1,5,125
duck,SOX4HWVD,4992,21,4,4,1.4,1.3,1,5,187
duck,SDB1IJS2,4992,21,4,4,1.4,1.3,1,5,250
duck,8715DJAW,4992,21,4,4,1.4,1.3,4,5,0
duck,UGPNW0UB,4992,21,4,4,1.4,1.3,4,5,62
duck,24Z0Y4ZW,4992,21,4,4,1.4,1.3,4,5,125
duck,UY6YC8XI,4992,21,4,4,1.4,1.3,4,5,187
duck,Q2DT1XW4,4992,21,4,4,1.4,1.3,4,5,250
duck,O9FM9K7R,4992,21,4,4,1.4,1.3,8,5,0
duck,YCJ2BBER,4992,21,4,4,1.4,1.3,8,5,62
duck,03PJKII1,4992,21,4,4,1.4,1.3,8,5,125
duck,S5VV61AM,4992,21,4,4,1.4,1.3,8,5,187
duck,L12E29F8,4992,21,4,4,1.4,1.3,8,5,250
duck,7NOWA2W5,4992,21,4,4,1.4,1.3,12,5,0
duck,0H1NWAOI,4992,21,4,4,1.4,1.3,12,5,62
duck,7OOLOAN5,4992,21,4,4,1.4,1.3,12,5,125
duck,UA37IF91,4992,21,4,4,1.4,1.3,12,5,187
duck,A352BCSO,4992,21,4,4,1.4,1.3,12,5,250
duck,8FNC7FHU,4992,21,4,4,1.4,1.3,16,5,0
duck,WUUA445Q,4992,21,4,4,1.4,1.3,16,5,62
duck,Q0LYY9ZM,4992,21,4,4,1.4,1.3,16,5,125
duck,YIZQG185,4992,21,4,4,1.4,1.3,16,5,187
duck,QD74YJP1,4992,21,4,4,1.4,1.3,16,5,250
duck,X2RNUKZR,4992,21,4,8,1.4,1.3,1,5,0
duck,BCFIEW6C,4992,21,4,8,1.4,1.3,1,5,62
duck,KU7A31MN,4992,21,4,8,1.4,1.3,1,5,125
duck,O1164YBU,4992,21,4,8,1.4,1.3,1,5,187
duck,46HKDEVZ,4992,21,4,8,1.4,1.3,1,5,250
duck,RF13U748,4992,21,4,8,1.4,1.3,4,5,0
duck,35RFU6N6,4992,21,4,8,1.4,1.3,4,5,62
duck,MPK8IHQ8,4992,21,4,8,1.4,1.3,4,5,125
duck,7821AM4A,4992,21,4,8,1.4,1.3,4,5,187
duck,VD9J9KMF,4992,21,4,8,1.4,1.3,4,5,250
duck,FXKQH8P0,4992,21,4,8,1.4,1.3,8,5,0
duck,LTPHRZCD,4992,21,4,8,1.4,1.3,8,5,62
duck,C7TBJREX,4992,21,4,8,1.4,1.3,8,5,125
duck,FBNXNTZ9,4992,21,4,8,1.4,1.3,8,5,187
duck,MZI79LJ2,4992,21,4,8,1.4,1.3,8,5,250
duck,J3QUX6Z1,4992,21,4,8,1.4,1.3,12,5,0
duck,FC1C8CZN,4992,21,4,8,1.4,1.3,12,5,62
duck,TLM3W3IG,4992,21,4,8,1.4,1.3,12,5,125
duck,KNE7TFH1,4992,21,4,8,1.4,1.3,12,5,187
duck,ULRUC5VN,4992,21,4,8,1.4,1.3,12,5,250
duck,7FTB7E6E,4992,21,4,8,1.4,1.3,16,5,0
duck,K1I0E8K5,4992,21,4,8,1.4,1.3,16,5,62
duck,G5QVS67P,4992,21,4,8,1.4,1.3,16,5,125
duck,1PZTQ2PL,4992,21,4,8,1.4,1.3,16,5,187
duck,OGG0O207,4992,21,4,8,1.4,1.3,16,5,250
duck,JRQF61KQ,4992,21,4,12,1.4,1.3,1,5,0
duck,OHDFW53J,4992,21,4,12,1.4,1.3,1,5,62
duck,K1XIR3XD,4992,21,4,12,1.4,1.3,1,5,125
duck,WC1Q7ZI3,4992,21,4,12,1.4,1.3,1,5,187
duck,B7BXQEI3,4992,21,4,12,1.4,1.3,1,5,250
duck,ODEK3Q6K,4992,21,4,12,1.4,1.3,4,5,0
duck,PT1FNEE2,4992,21,4,12,1.4,1.3,4,5,62
duck,ME0EGM4D,4992,21,4,12,1.4,1.3,4,5,125
duck,1PKN4ZN9,4992,21,4,12,1.4,1.3,4,5,187
duck,OXR81KRA,4992,21,4,12,1.4,1.3,4,5,250
duck,27HUOVTV,4992,21,4,12,1.4,1.3,8,5,0
duck,DMRELRRM,4992,21,4,12,1.4,1.3,8,5,62
duck,BFTMRTSQ,4992,21,4,12,1.4,1.3,8,5,125
duck,TVTGVUV3,4992,21,4,12,1.4,1.3,8,5,187
duck,UK1D2NDK,4992,21,4,12,1.4,1.3,8,5,250
duck,A317BSJR,4992,21,4,12,1.4,1.3,12,5,0
duck,VDYV1WM9,4992,21,4,12,1.4,1.3,12,5,62
duck,TGA3SRFW,4992,21,4,12,1.4,1.3,12,5,125
duck,YRKZHLF9,4992,21,4,12,1.4,1.3,12,5,187
duck,B7HV3G5D,4992,21,4,12,1.4,1.3,12,5,250
duck,LHBSPR63,4992,21,4,12,1.4,1.3,16,5,0
duck,JESAWOV9,4992,21,4,12,1.4,1.3,16,5,62
duck,0507L9DX,4992,21,4,12,1.4,1.3,16,5,125
duck,KMIY7ICU,4992,21,4,12,1.4,1.3,16,5,187
duck,M227QNTO,4992,21,4,12,1.4,1.3,16,5,250
duck,JJ9JVY6K,4992,21,4,16,1.4,1.3,1,5,0
duck,YJ551JUM,4992,21,4,16,1.4,1.3,1,5,62
duck,J485W1RT,4992,21,4,16,1.4,1.3,1,5,125
duck,MOEHINR6,4992,21,4,16,1.4,1.3,1,5,187
duck,UY4G6XW4,4992,21,4,16,1.4,1.3,1,5,250
duck,FL3NWMX8,4992,21,4,16,1.4,1.3,4,5,0
duck,PIAEZG6N,4992,21,4,16,1.4,1.3,4,5,62
duck,0M8SEINE,4992,21,4,16,1.4,1.3,4,5,125
duck,YPI0BGBN,4992,21,4,16,1.4,1.3,4,5,187
duck,RH4AQ2BW,4992,21,4,16,1.4,1.3,4,5,250
duck,ETE3BLPH,4992,21,4,16,1.4,1.3,8,5,0
duck,NMVLGICX,4992,21,4,16,1.4,1.3,8,5,62
duck,8MYPBHHL,4992,21,4,16,1.4,1.3,8,5,125
duck,EQ07W7F9,4992,21,4,16,1.4,1.3,8,5,187
duck,DIY7APT8,4992,21,4,16,1.4,1.3,8,5,250
duck,2HH99M7F,4992,21,4,16,1.4,1.3,12,5,0
duck,0SFH5L0T,4992,21,4,16,1.4,1.3,12,5,62
duck,2X9KNLX8,4992,21,4,16,1.4,1.3,12,5,125
duck,2H2NCMDJ,4992,21,4,16,1.4,1.3,12,5,187
duck,MZIMZ5MR,4992,21,4,16,1.4,1.3,12,5,250
duck,LQIHQ5VQ,4992,21,4,16,1.4,1.3,16,5,0
duck,3I88G7V8,4992,21,4,16,1.4,1.3,16,5,62
duck,FA0JTT8B,4992,21,4,16,1.4,1.3,16,5,125
duck,VOU8IXCE,4992,21,4,16,1.4,1.3,16,5,187
duck,Z0B11WTS,4992,21,4,16,1.4,1.3,16,5,250
duck,S5YHAXQU,20000,21,4,0,1.4,1.3,1,5,0
duck,EYCOUC1F,20000,21,4,0,1.4,1.3,1,5,62
duck,NMFNMU6P,20000,21,4,0,1.4,1.3,1,5,125
duck,6D3UBZJR,20000,21,4,0,1.4,1.3,1,5,187
duck,BGP6FY1F,20000,21,4,0,1.4,1.3,1,5,250
duck,P61I0PST,20000,21,4,0,1.4,1.3,4,5,0
duck,WTK3JSEX,20000,21,4,0,1.4,1.3,4,5,62
duck,2QKCKMPZ,20000,21,4,0,1.4,1.3,4,5,125
duck,2BADUDLQ,20000,21,4,0,1.4,1.3,4,5,187
duck,97G34XZX,20000,21,4,0,1.4,1.3,4,5,250
duck,JX8OLCYU,20000,21,4,0,1.4,1.3,8,5,0
duck,OGK4ECVU,20000,21,4,0,1.4,1.3,8,5,62
duck,4IV0QERI,20000,21,4,0,1.4,1.3,8,5,125
